OBJECTID,ID_NOM,ID_TAXON,ID_ARBRE,CLASSE,NOM_LATIN,NOM_COM_GE,NOM_COMMUN,NOM_COM_RE,DIAM_1M,DIAM_COURO,HAUTEUR_TO,REMARQUABL,CHAMPION,INT_PHENO,STATUT,ADR_URL,COMMUNE,NO_POSTAL,CIRCONFERENCE,DATE_OBSERVATION,E,N
168,13998,37435,132408,Conifères,Sequoiadendron,Séquoia,Séquoia,"Séquoia, Séquoia géant pleureur",,,,,0,,Historique,https://www.patrimoine-vert-geneve.ch/arbres/arbres-isoles-genevois/sequoiadendron/sequoia-geant,Satigny,1242,,19760606.0,2491116.83,1118380.98
1480,13998,37435,1540,Conifères,Sequoiadendron,Séquoia,Séquoia,"Séquoia, Séquoia géant pleureur",,,,,0,,Historique,https://www.patrimoine-vert-geneve.ch/arbres/arbres-isoles-genevois/sequoiadendron/sequoia-geant,Genève-Cité,1201,,19760606.0,2499877.62,1119001.98
1598,13998,37435,3359,Conifères,Sequoiadendron,Séquoia,Séquoia,"Séquoia, Séquoia géant pleureur",,,,,0,,Historique,https://www.patrimoine-vert-geneve.ch/arbres/arbres-isoles-genevois/sequoiadendron/sequoia-geant,Russin,1281,,19760606.0,2489940.63,1116272.0
1688,13998,37435,2508,Conifères,Sequoiadendron,Séquoia,Séquoia,"Séquoia, Séquoia géant pleureur",,,,,0,,Historique,https://www.patrimoine-vert-geneve.ch/arbres/arbres-isoles-genevois/sequoiadendron/sequoia-geant,Avully,1237,,19760606.0,2488720.72,1114827.97
1691,13998,37435,2511,Conifères,Sequoiadendron,Séquoia,Séquoia,"Séquoia, Séquoia géant pleureur",,,,,0,,Historique,https://www.patrimoine-vert-geneve.ch/arbres/arbres-isoles-genevois/sequoiadendron/sequoia-geant,Avully,1237,,19760606.0,2488569.93,1114872.17
2433,13998,37435,3509,Conifères,Sequoiadendron,Séquoia,Séquoia,"Séquoia, Séquoia géant pleureur",,,,,0,,Historique,https://www.patrimoine-vert-geneve.ch/arbres/arbres-isoles-genevois/sequoiadendron/sequoia-geant,Vernier,1214,,19760606.0,2494783.57,1118853.76
2718,13998,37435,4444,Conifères,Sequoiadendron,Séquoia,Séquoia,"Séquoia, Séquoia géant pleureur",,,,,0,,Historique,https://www.patrimoine-vert-geneve.ch/arbres/arbres-isoles-genevois/sequoiadendron/sequoia-geant,Pregny-Chambésy,1292,,19760606.0,2500514.66,1121671.59
2994,13998,37435,3614,Conifères,Sequoiadendron,Séquoia,Séquoia,"Séquoia, Séquoia géant pleureur",,,,,0,,Historique,https://www.patrimoine-vert-geneve.ch/arbres/arbres-isoles-genevois/sequoiadendron/sequoia-geant,Vandoeuvres,1253,,19760606.0,2503738.63,1118786.59
3181,13998,37435,151019,Conifères,Sequoiadendron,Séquoia,Séquoia,"Séquoia, Séquoia géant pleureur",,,,,0,,Historique,https://www.patrimoine-vert-geneve.ch/arbres/arbres-isoles-genevois/sequoiadendron/sequoia-geant,Thônex,1226,,19760606.0,2504817.1,1117193.91
3200,13998,37435,171614,Conifères,Sequoiadendron,Séquoia,Séquoia,"Séquoia, Séquoia géant pleureur",,,,,0,,Historique,https://www.patrimoine-vert-geneve.ch/arbres/arbres-isoles-genevois/sequoiadendron/sequoia-geant,Collonge-Bellerive,1222,,19760606.0,2505542.72,1122633.43
6541,13998,37435,17751,Conifères,Sequoiadendron,Séquoia,Séquoia,"Séquoia, Séquoia géant pleureur",,,,,0,,Historique,https://www.patrimoine-vert-geneve.ch/arbres/arbres-isoles-genevois/sequoiadendron/sequoia-geant,Collonge-Bellerive,1245,,19760606.0,2505071.07,1124494.26
4466,13998,37435,6885,Conifères,Sequoiadendron,Séquoia,Séquoia,"Séquoia, Séquoia géant pleureur",,,,,0,,Historique,https://www.patrimoine-vert-geneve.ch/arbres/arbres-isoles-genevois/sequoiadendron/sequoia-geant,Confignon,1232,,19760606.0,2495958.08,1115240.98
4807,13998,37435,5302,Conifères,Sequoiadendron,Séquoia,Séquoia,"Séquoia, Séquoia géant pleureur",,,,,0,,Historique,https://www.patrimoine-vert-geneve.ch/arbres/arbres-isoles-genevois/sequoiadendron/sequoia-geant,Meyrin,1217,,19760606.0,2495819.07,1122057.0
3552,13998,37435,5143,Conifères,Sequoiadendron,Séquoia,Séquoia,"Séquoia, Séquoia géant pleureur",,,,,0,,Historique,https://www.patrimoine-vert-geneve.ch/arbres/arbres-isoles-genevois/sequoiadendron/sequoia-geant,Dardagny,1283,,19760606.0,2488011.5,1117189.31
10108,13998,37435,13021,Conifères,Sequoiadendron,Séquoia,Séquoia,"Séquoia, Séquoia géant pleureur",,,,,0,,Historique,https://www.patrimoine-vert-geneve.ch/arbres/arbres-isoles-genevois/sequoiadendron/sequoia-geant,Versoix,1290,,19760606.0,2502032.77,1127690.79
9721,13998,37435,15643,Conifères,Sequoiadendron,Séquoia,Séquoia,"Séquoia, Séquoia géant pleureur",,,,,0,,Historique,https://www.patrimoine-vert-geneve.ch/arbres/arbres-isoles-genevois/sequoiadendron/sequoia-geant,Genève-Eaux-Vives,1208,,19760606.0,2502093.2,1117423.92
8524,13998,37435,13829,Conifères,Sequoiadendron,Séquoia,Séquoia,"Séquoia, Séquoia géant pleureur",,,,,0,,Historique,https://www.patrimoine-vert-geneve.ch/arbres/arbres-isoles-genevois/sequoiadendron/sequoia-geant,Versoix,1290,,19760606.0,2501576.18,1126733.74
9009,13998,37435,7762,Conifères,Sequoiadendron,Séquoia,Séquoia,"Séquoia, Séquoia géant pleureur",,,,,0,,Historique,https://www.patrimoine-vert-geneve.ch/arbres/arbres-isoles-genevois/sequoiadendron/sequoia-geant,Grand-Saconnex,1218,,19760606.0,2498168.36,1120241.72
9127,13998,37435,3395,Conifères,Sequoiadendron,Séquoia,Séquoia,"Séquoia, Séquoia géant pleureur",,,,,0,,Historique,https://www.patrimoine-vert-geneve.ch/arbres/arbres-isoles-genevois/sequoiadendron/sequoia-geant,Avully,1237,,19760606.0,2489407.93,1114587.11
7588,13998,37435,14971,Conifères,Sequoiadendron,Séquoia,Séquoia,"Séquoia, Séquoia géant pleureur",,,,,0,,Historique,https://www.patrimoine-vert-geneve.ch/arbres/arbres-isoles-genevois/sequoiadendron/sequoia-geant,Cologny,1223,,19760606.0,2502394.48,1118619.42
7352,13998,37435,12343,Conifères,Sequoiadendron,Séquoia,Séquoia,"Séquoia, Séquoia géant pleureur",,,,,0,,Historique,https://www.patrimoine-vert-geneve.ch/arbres/arbres-isoles-genevois/sequoiadendron/sequoia-geant,Genève-Plainpalais,1206,,19760606.0,2500879.14,1116201.13
13197,13998,37435,144945,Conifères,Sequoiadendron,Séquoia,Séquoia,"Séquoia, Séquoia géant pleureur",,,,,0,,Historique,https://www.patrimoine-vert-geneve.ch/arbres/arbres-isoles-genevois/sequoiadendron/sequoia-geant,Lancy,1213,,19760606.0,2498120.94,1116908.56
12429,13998,37435,12449,Conifères,Sequoiadendron,Séquoia,Séquoia,"Séquoia, Séquoia géant pleureur",,,,,0,,Historique,https://www.patrimoine-vert-geneve.ch/arbres/arbres-isoles-genevois/sequoiadendron/sequoia-geant,Troinex,1256,,19760606.0,2500104.49,1113687.85
12558,13998,37435,18060,Conifères,Sequoiadendron,Séquoia,Séquoia,"Séquoia, Séquoia géant pleureur",,,,,0,,Historique,https://www.patrimoine-vert-geneve.ch/arbres/arbres-isoles-genevois/sequoiadendron/sequoia-geant,Collonge-Bellerive,1245,,19760606.0,2504089.09,1123277.1
12960,13998,37435,23423,Conifères,Sequoiadendron,Séquoia,Séquoia,"Séquoia, Séquoia géant pleureur",,,,,0,,Historique,https://www.patrimoine-vert-geneve.ch/arbres/arbres-isoles-genevois/sequoiadendron/sequoia-geant,Genève-Petit-Saconnex,1209,,19760606.0,2498192.56,1119442.07
12200,13998,37435,19301,Conifères,Sequoiadendron,Séquoia,Séquoia,"Séquoia, Séquoia géant pleureur",,,,,0,,Historique,https://www.patrimoine-vert-geneve.ch/arbres/arbres-isoles-genevois/sequoiadendron/sequoia-geant,Vandoeuvres,1253,,19760606.0,2504444.57,1120356.54
11966,13998,37435,15608,Conifères,Sequoiadendron,Séquoia,Séquoia,"Séquoia, Séquoia géant pleureur",,,,,0,,Historique,https://www.patrimoine-vert-geneve.ch/arbres/arbres-isoles-genevois/sequoiadendron/sequoia-geant,Genève-Eaux-Vives,1208,,19760606.0,2502352.97,1117506.13
11165,13998,37435,140173,Conifères,Sequoiadendron,Séquoia,Séquoia,"Séquoia, Séquoia géant pleureur",,,,,0,,Historique,https://www.patrimoine-vert-geneve.ch/arbres/arbres-isoles-genevois/sequoiadendron/sequoia-geant,Thônex,1226,,19760606.0,2504118.02,1115991.34
10360,13998,37435,14566,Conifères,Sequoiadendron,Séquoia,Séquoia,"Séquoia, Séquoia géant pleureur",,,,,0,,Historique,https://www.patrimoine-vert-geneve.ch/arbres/arbres-isoles-genevois/sequoiadendron/sequoia-geant,Cologny,1223,,19760606.0,2502959.15,1119678.04
10795,13998,37435,13419,Conifères,Sequoiadendron,Séquoia,Séquoia,"Séquoia, Séquoia géant pleureur",,,,,0,,Historique,https://www.patrimoine-vert-geneve.ch/arbres/arbres-isoles-genevois/sequoiadendron/sequoia-geant,Troinex,1256,,19760606.0,2500044.56,1113421.3
10906,13998,37435,159601,Conifères,Sequoiadendron,Séquoia,Séquoia,"Séquoia, Séquoia géant pleureur",,,,,0,,Historique,https://www.patrimoine-vert-geneve.ch/arbres/arbres-isoles-genevois/sequoiadendron/sequoia-geant,Thônex,1226,,19760606.0,2503572.81,1115601.4
16188,13998,37435,28988,Conifères,Sequoiadendron,Séquoia,Séquoia,"Séquoia, Séquoia géant pleureur",,,,,0,,Historique,https://www.patrimoine-vert-geneve.ch/arbres/arbres-isoles-genevois/sequoiadendron/sequoia-geant,Plan-les-Ouates,1257,,19760606.0,2499595.35,1112655.87
15864,13998,37435,149797,Conifères,Sequoiadendron,Séquoia,Séquoia,"Séquoia, Séquoia géant pleureur",,,,,0,,Historique,https://www.patrimoine-vert-geneve.ch/arbres/arbres-isoles-genevois/sequoiadendron/sequoia-geant,Collonge-Bellerive,1245,,19760606.0,2504233.56,1123754.71
16293,13998,37435,26409,Conifères,Sequoiadendron,Séquoia,Séquoia,"Séquoia, Séquoia géant pleureur",,,,,0,,Historique,https://www.patrimoine-vert-geneve.ch/arbres/arbres-isoles-genevois/sequoiadendron/sequoia-geant,Grand-Saconnex,1218,,19760606.0,2498220.28,1120255.94
16746,13998,37435,25052,Conifères,Sequoiadendron,Séquoia,Séquoia,"Séquoia, Séquoia géant pleureur",,,,,0,,Historique,https://www.patrimoine-vert-geneve.ch/arbres/arbres-isoles-genevois/sequoiadendron/sequoia-geant,Dardagny,1283,,19760606.0,2489421.17,1115119.44
16000,13998,37435,23729,Conifères,Sequoiadendron,Séquoia,Séquoia,"Séquoia, Séquoia géant pleureur",,,,,0,,Historique,https://www.patrimoine-vert-geneve.ch/arbres/arbres-isoles-genevois/sequoiadendron/sequoia-geant,Genève-Petit-Saconnex,1203,,19760606.0,2497630.12,1118054.81
14439,13998,37435,13807,Conifères,Sequoiadendron,Séquoia,Séquoia,"Séquoia, Séquoia géant pleureur",,,,,0,,Historique,https://www.patrimoine-vert-geneve.ch/arbres/arbres-isoles-genevois/sequoiadendron/sequoia-geant,Versoix,1290,,19760606.0,2501565.07,1126774.57
14563,13998,37435,15609,Conifères,Sequoiadendron,Séquoia,Séquoia,"Séquoia, Séquoia géant pleureur",,,,,0,,Historique,https://www.patrimoine-vert-geneve.ch/arbres/arbres-isoles-genevois/sequoiadendron/sequoia-geant,Genève-Eaux-Vives,1208,,19760606.0,2502297.96,1117537.23
20050,13998,37435,38840,Conifères,Sequoiadendron,Séquoia,Séquoia,"Séquoia, Séquoia géant pleureur",,,,,0,,Historique,https://www.patrimoine-vert-geneve.ch/arbres/arbres-isoles-genevois/sequoiadendron/sequoia-geant,Versoix,1290,,19760606.0,2501188.24,1125661.8
20191,13998,37435,31533,Conifères,Sequoiadendron,Séquoia,Séquoia,"Séquoia, Séquoia géant pleureur",,,,,0,,Historique,https://www.patrimoine-vert-geneve.ch/arbres/arbres-isoles-genevois/sequoiadendron/sequoia-geant,Collonge-Bellerive,1245,,19760606.0,2504584.12,1123421.15
20275,13998,37435,36590,Conifères,Sequoiadendron,Séquoia,Séquoia,"Séquoia, Séquoia géant pleureur",,,,,0,,Historique,https://www.patrimoine-vert-geneve.ch/arbres/arbres-isoles-genevois/sequoiadendron/sequoia-geant,Vernier,1214,,19760606.0,2495971.63,1119423.29
19933,13998,37435,35560,Conifères,Sequoiadendron,Séquoia,Séquoia,"Séquoia, Séquoia géant pleureur",,,,,0,,Historique,https://www.patrimoine-vert-geneve.ch/arbres/arbres-isoles-genevois/sequoiadendron/sequoia-geant,Dardagny,1283,,19760606.0,2488034.17,1117214.38
19538,13998,37435,20430,Conifères,Sequoiadendron,Séquoia,Séquoia,"Séquoia, Séquoia géant pleureur",,,,,0,,Historique,https://www.patrimoine-vert-geneve.ch/arbres/arbres-isoles-genevois/sequoiadendron/sequoia-geant,Chêne-Bourg,1225,,19760606.0,2503853.01,1116588.51
19140,13998,37435,28305,Conifères,Sequoiadendron,Séquoia,Séquoia,"Séquoia, Séquoia géant pleureur",,,,,0,,Historique,https://www.patrimoine-vert-geneve.ch/arbres/arbres-isoles-genevois/sequoiadendron/sequoia-geant,Pregny-Chambésy,1292,,19760606.0,2499858.93,1122462.45
17614,13998,37435,158836,Conifères,Sequoiadendron,Séquoia,Séquoia,"Séquoia, Séquoia géant pleureur",,,,,0,,Historique,https://www.patrimoine-vert-geneve.ch/arbres/arbres-isoles-genevois/sequoiadendron/sequoia-geant,Cologny,1223,,19760606.0,2503173.57,1119805.29
17433,13998,37435,22560,Conifères,Sequoiadendron,Séquoia,Séquoia,"Séquoia, Séquoia géant pleureur",,,,,0,,Historique,https://www.patrimoine-vert-geneve.ch/arbres/arbres-isoles-genevois/sequoiadendron/sequoia-geant,Satigny,1242,,19760606.0,2491939.25,1120706.22
18313,13998,37435,156114,Conifères,Sequoiadendron,Séquoia,Séquoia,"Séquoia, Séquoia géant pleureur",,,,,0,,Historique,https://www.patrimoine-vert-geneve.ch/arbres/arbres-isoles-genevois/sequoiadendron/sequoia-geant,Versoix,1290,,19760606.0,2501251.38,1125657.48
24040,13998,37435,46879,Conifères,Sequoiadendron,Séquoia,Séquoia,"Séquoia, Séquoia géant pleureur",,,,,0,,Historique,https://www.patrimoine-vert-geneve.ch/arbres/arbres-isoles-genevois/sequoiadendron/sequoia-geant,Russin,1281,,19760606.0,2489949.29,1115893.65
23720,13998,37435,40763,Conifères,Sequoiadendron,Séquoia,Séquoia,"Séquoia, Séquoia géant pleureur",,,,,0,,Historique,https://www.patrimoine-vert-geneve.ch/arbres/arbres-isoles-genevois/sequoiadendron/sequoia-geant,Cologny,1223,,19760606.0,2503169.76,1119831.41
23726,13998,37435,30405,Conifères,Sequoiadendron,Séquoia,Séquoia,"Séquoia, Séquoia géant pleureur",,,,,0,,Historique,https://www.patrimoine-vert-geneve.ch/arbres/arbres-isoles-genevois/sequoiadendron/sequoia-geant,Genève-Eaux-Vives,1208,,19760606.0,2502503.25,1117423.28
22335,13998,37435,31485,Conifères,Sequoiadendron,Séquoia,Séquoia,"Séquoia, Séquoia géant pleureur",,,,,0,,Historique,https://www.patrimoine-vert-geneve.ch/arbres/arbres-isoles-genevois/sequoiadendron/sequoia-geant,Collonge-Bellerive,1245,,19760606.0,2504224.57,1123718.7
21472,13998,37435,39182,Conifères,Sequoiadendron,Séquoia,Séquoia,"Séquoia, Séquoia géant pleureur",,,,,0,,Historique,https://www.patrimoine-vert-geneve.ch/arbres/arbres-isoles-genevois/sequoiadendron/sequoia-geant,Bellevue,1293,,19760606.0,2500153.98,1123087.55
21059,13998,37435,28778,Conifères,Sequoiadendron,Séquoia,Séquoia,"Séquoia, Séquoia géant pleureur",,,,,0,,Historique,https://www.patrimoine-vert-geneve.ch/arbres/arbres-isoles-genevois/sequoiadendron/sequoia-geant,Genève-Plainpalais,1206,,19760606.0,2500646.58,1116374.22
21488,13998,37435,30674,Conifères,Sequoiadendron,Séquoia,Séquoia,"Séquoia, Séquoia géant pleureur",,,,,0,,Historique,https://www.patrimoine-vert-geneve.ch/arbres/arbres-isoles-genevois/sequoiadendron/sequoia-geant,Chêne-Bougeries,1231,,19760606.0,2502967.05,1115973.8
21593,13998,37435,32220,Conifères,Sequoiadendron,Séquoia,Séquoia,"Séquoia, Séquoia géant pleureur",,,,,0,,Historique,https://www.patrimoine-vert-geneve.ch/arbres/arbres-isoles-genevois/sequoiadendron/sequoia-geant,Vandoeuvres,1253,,19760606.0,2504051.16,1120243.38
21213,13998,37435,24796,Conifères,Sequoiadendron,Séquoia,Séquoia,"Séquoia, Séquoia géant pleureur",,,,,0,,Historique,https://www.patrimoine-vert-geneve.ch/arbres/arbres-isoles-genevois/sequoiadendron/sequoia-geant,Cartigny,1236,,19760606.0,2490374.19,1114393.58
21703,13998,37435,33681,Conifères,Sequoiadendron,Séquoia,Séquoia,"Séquoia, Séquoia géant pleureur",,,,,0,,Historique,https://www.patrimoine-vert-geneve.ch/arbres/arbres-isoles-genevois/sequoiadendron/sequoia-geant,Jussy,1254,,19760606.0,2511130.09,1120016.94
27132,13998,37435,30095,Conifères,Sequoiadendron,Séquoia,Séquoia,"Séquoia, Séquoia géant pleureur",,,,,0,,Historique,https://www.patrimoine-vert-geneve.ch/arbres/arbres-isoles-genevois/sequoiadendron/sequoia-geant,Chêne-Bougeries,1231,,19760606.0,2502591.12,1115838.1
26445,13998,37435,139475,Conifères,Sequoiadendron,Séquoia,Séquoia,"Séquoia, Séquoia géant pleureur",,,,,0,,Historique,https://www.patrimoine-vert-geneve.ch/arbres/arbres-isoles-genevois/sequoiadendron/sequoia-geant,Vandoeuvres,1253,,19760606.0,2504314.64,1120582.95
25834,13998,37435,33937,Conifères,Sequoiadendron,Séquoia,Séquoia,"Séquoia, Séquoia géant pleureur",,,,,0,,Historique,https://www.patrimoine-vert-geneve.ch/arbres/arbres-isoles-genevois/sequoiadendron/sequoia-geant,Satigny,1242,,19760606.0,2491959.55,1120730.33
25419,13998,37435,34687,Conifères,Sequoiadendron,Séquoia,Séquoia,"Séquoia, Séquoia géant pleureur",,,,,0,,Historique,https://www.patrimoine-vert-geneve.ch/arbres/arbres-isoles-genevois/sequoiadendron/sequoia-geant,Genève-Petit-Saconnex,1203,,19760606.0,2498845.57,1118565.74
25537,13998,37435,30394,Conifères,Sequoiadendron,Séquoia,Séquoia,"Séquoia, Séquoia géant pleureur",,,,,0,,Historique,https://www.patrimoine-vert-geneve.ch/arbres/arbres-isoles-genevois/sequoiadendron/sequoia-geant,Chêne-Bougeries,1224,,19760606.0,2503372.02,1116771.51
24309,13998,37435,43021,Conifères,Sequoiadendron,Séquoia,Séquoia,"Séquoia, Séquoia géant pleureur",,,,,0,,Historique,https://www.patrimoine-vert-geneve.ch/arbres/arbres-isoles-genevois/sequoiadendron/sequoia-geant,Collonge-Bellerive,1222,,19760606.0,2504663.46,1121260.56
24691,13998,37435,43069,Conifères,Sequoiadendron,Séquoia,Séquoia,"Séquoia, Séquoia géant pleureur",,,,,0,,Historique,https://www.patrimoine-vert-geneve.ch/arbres/arbres-isoles-genevois/sequoiadendron/sequoia-geant,Cologny,1223,,19760606.0,2504378.08,1121009.91
28969,13998,37435,43302,Conifères,Sequoiadendron,Séquoia,Séquoia,"Séquoia, Séquoia géant pleureur",,,,,0,,Historique,https://www.patrimoine-vert-geneve.ch/arbres/arbres-isoles-genevois/sequoiadendron/sequoia-geant,Vandoeuvres,1253,,19760606.0,2504460.08,1119655.68
28488,13998,37435,41181,Conifères,Sequoiadendron,Séquoia,Séquoia,"Séquoia, Séquoia géant pleureur",,,,,0,,Historique,https://www.patrimoine-vert-geneve.ch/arbres/arbres-isoles-genevois/sequoiadendron/sequoia-geant,Chêne-Bougeries,1224,,19760606.0,2503066.49,1116927.29
29029,13998,37435,43688,Conifères,Sequoiadendron,Séquoia,Séquoia,"Séquoia, Séquoia géant pleureur",,,,,0,,Historique,https://www.patrimoine-vert-geneve.ch/arbres/arbres-isoles-genevois/sequoiadendron/sequoia-geant,Thônex,1226,,19760606.0,2504804.91,1117198.37
27874,13998,37435,30584,Conifères,Sequoiadendron,Séquoia,Séquoia,"Séquoia, Séquoia géant pleureur",,,,,0,,Historique,https://www.patrimoine-vert-geneve.ch/arbres/arbres-isoles-genevois/sequoiadendron/sequoia-geant,Chêne-Bougeries,1231,,19760606.0,2502400.31,1116362.49
33515,13998,37435,165903,Conifères,Sequoiadendron,Séquoia,Séquoia,"Séquoia, Séquoia géant pleureur",,,,,0,,Historique,https://www.patrimoine-vert-geneve.ch/arbres/arbres-isoles-genevois/sequoiadendron/sequoia-geant,Bernex,1233,,19760606.0,2494930.2,1114962.44
34036,13998,37435,160547,Conifères,Sequoiadendron,Séquoia,Séquoia,"Séquoia, Séquoia géant pleureur",,,,,0,,Historique,https://www.patrimoine-vert-geneve.ch/arbres/arbres-isoles-genevois/sequoiadendron/sequoia-geant,Collonge-Bellerive,1245,,19760606.0,2504250.91,1123699.83
33642,13998,37435,42005,Conifères,Sequoiadendron,Séquoia,Séquoia,"Séquoia, Séquoia géant pleureur",,,,,0,,Historique,https://www.patrimoine-vert-geneve.ch/arbres/arbres-isoles-genevois/sequoiadendron/sequoia-geant,Thônex,1226,,19760606.0,2503330.31,1115451.55
34142,13998,37435,153820,Conifères,Sequoiadendron,Séquoia,Séquoia,"Séquoia, Séquoia géant pleureur",,,,,0,,Historique,https://www.patrimoine-vert-geneve.ch/arbres/arbres-isoles-genevois/sequoiadendron/sequoia-geant,Satigny,1242,,19760606.0,2491019.05,1119982.69
33713,13998,37435,158472,Conifères,Sequoiadendron,Séquoia,Séquoia,"Séquoia, Séquoia géant pleureur",,,,,0,,Historique,https://www.patrimoine-vert-geneve.ch/arbres/arbres-isoles-genevois/sequoiadendron/sequoia-geant,Versoix,1290,,19760606.0,2502022.78,1126852.16
34256,13998,37435,42397,Conifères,Sequoiadendron,Séquoia,Séquoia,"Séquoia, Séquoia géant pleureur",,,,,0,,Historique,https://www.patrimoine-vert-geneve.ch/arbres/arbres-isoles-genevois/sequoiadendron/sequoia-geant,Collonge-Bellerive,1245,,19760606.0,2505061.18,1124492.98
33863,13998,37435,42487,Conifères,Sequoiadendron,Séquoia,Séquoia,"Séquoia, Séquoia géant pleureur",,,,,0,,Historique,https://www.patrimoine-vert-geneve.ch/arbres/arbres-isoles-genevois/sequoiadendron/sequoia-geant,Collonge-Bellerive,1245,,19760606.0,2504697.46,1123817.7
33876,13998,37435,44146,Conifères,Sequoiadendron,Séquoia,Séquoia,"Séquoia, Séquoia géant pleureur",,,,,0,,Historique,https://www.patrimoine-vert-geneve.ch/arbres/arbres-isoles-genevois/sequoiadendron/sequoia-geant,Anières,1247,,19760606.0,2506571.08,1125671.96
32227,13998,37435,48579,Conifères,Sequoiadendron,Séquoia,Séquoia,"Séquoia, Séquoia géant pleureur",,,,,0,,Historique,https://www.patrimoine-vert-geneve.ch/arbres/arbres-isoles-genevois/sequoiadendron/sequoia-geant,Vernier,1219,,19760606.0,2496993.94,1117569.42
32301,13998,37435,46137,Conifères,Sequoiadendron,Séquoia,Séquoia,"Séquoia, Séquoia géant pleureur",,,,,0,,Historique,https://www.patrimoine-vert-geneve.ch/arbres/arbres-isoles-genevois/sequoiadendron/sequoia-geant,Genève-Cité,1201,,19760606.0,2499292.26,1118036.14
32497,13998,37435,52818,Conifères,Sequoiadendron,Séquoia,Séquoia,"Séquoia, Séquoia géant pleureur",,,,,0,,Historique,https://www.patrimoine-vert-geneve.ch/arbres/arbres-isoles-genevois/sequoiadendron/sequoia-geant,Genève-Eaux-Vives,1206,,19760606.0,2501851.97,1116314.19
31330,13998,37435,42603,Conifères,Sequoiadendron,Séquoia,Séquoia,"Séquoia, Séquoia géant pleureur",,,,,0,,Historique,https://www.patrimoine-vert-geneve.ch/arbres/arbres-isoles-genevois/sequoiadendron/sequoia-geant,Corsier,1246,,19760606.0,2505345.98,1124546.86
37430,13998,37435,57353,Conifères,Sequoiadendron,Séquoia,Séquoia,"Séquoia, Séquoia géant pleureur",,,,,0,,Historique,https://www.patrimoine-vert-geneve.ch/arbres/arbres-isoles-genevois/sequoiadendron/sequoia-geant,Vernier,1214,,19760606.0,2494804.28,1118864.22
36636,13998,37435,62664,Conifères,Sequoiadendron,Séquoia,Séquoia,"Séquoia, Séquoia géant pleureur",,,,,0,,Historique,https://www.patrimoine-vert-geneve.ch/arbres/arbres-isoles-genevois/sequoiadendron/sequoia-geant,Genève-Eaux-Vives,1208,,19760606.0,2501899.32,1117127.15
37167,13998,37435,68370,Conifères,Sequoiadendron,Séquoia,Séquoia,"Séquoia, Séquoia géant pleureur",,,,,0,,Historique,https://www.patrimoine-vert-geneve.ch/arbres/arbres-isoles-genevois/sequoiadendron/sequoia-geant,Satigny,1242,,19760606.0,2492079.79,1117495.31
37206,13998,37435,51890,Conifères,Sequoiadendron,Séquoia,Séquoia,"Séquoia, Séquoia géant pleureur",,,,,0,,Historique,https://www.patrimoine-vert-geneve.ch/arbres/arbres-isoles-genevois/sequoiadendron/sequoia-geant,Genève-Eaux-Vives,1207,,19760606.0,2502093.17,1118420.53
35747,13998,37435,50224,Conifères,Sequoiadendron,Séquoia,Séquoia,"Séquoia, Séquoia géant pleureur",,,,,0,,Historique,https://www.patrimoine-vert-geneve.ch/arbres/arbres-isoles-genevois/sequoiadendron/sequoia-geant,Pregny-Chambésy,1292,,19760606.0,2500600.56,1122206.45
35770,13998,37435,58426,Conifères,Sequoiadendron,Séquoia,Séquoia,"Séquoia, Séquoia géant pleureur",,,,,0,,Historique,https://www.patrimoine-vert-geneve.ch/arbres/arbres-isoles-genevois/sequoiadendron/sequoia-geant,Onex,1213,,19760606.0,2496262.31,1115138.41
34556,13998,37435,155774,Conifères,Sequoiadendron,Séquoia,Séquoia,"Séquoia, Séquoia géant pleureur",,,,,0,,Historique,https://www.patrimoine-vert-geneve.ch/arbres/arbres-isoles-genevois/sequoiadendron/sequoia-geant,Lancy,1213,,19760606.0,2498155.43,1116941.08
35415,13998,37435,61008,Conifères,Sequoiadendron,Séquoia,Séquoia,"Séquoia, Séquoia géant pleureur",,,,,0,,Historique,https://www.patrimoine-vert-geneve.ch/arbres/arbres-isoles-genevois/sequoiadendron/sequoia-geant,Genève-Plainpalais,1206,,19760606.0,2500598.04,1116388.03
35027,13998,37435,53724,Conifères,Sequoiadendron,Séquoia,Séquoia,"Séquoia, Séquoia géant pleureur",,,,,0,,Historique,https://www.patrimoine-vert-geneve.ch/arbres/arbres-isoles-genevois/sequoiadendron/sequoia-geant,Collonge-Bellerive,1222,,19760606.0,2504014.4,1121947.61
35092,13998,37435,58688,Conifères,Sequoiadendron,Séquoia,Séquoia,"Séquoia, Séquoia géant pleureur",,,,,0,,Historique,https://www.patrimoine-vert-geneve.ch/arbres/arbres-isoles-genevois/sequoiadendron/sequoia-geant,Grand-Saconnex,1218,,19760606.0,2498200.1,1120045.64
35163,13998,37435,62038,Conifères,Sequoiadendron,Séquoia,Séquoia,"Séquoia, Séquoia géant pleureur",,,,,0,,Historique,https://www.patrimoine-vert-geneve.ch/arbres/arbres-isoles-genevois/sequoiadendron/sequoia-geant,Cologny,1223,,19760606.0,2503170.8,1119837.3
35164,13998,37435,62039,Conifères,Sequoiadendron,Séquoia,Séquoia,"Séquoia, Séquoia géant pleureur",,,,,0,,Historique,https://www.patrimoine-vert-geneve.ch/arbres/arbres-isoles-genevois/sequoiadendron/sequoia-geant,Cologny,1223,,19760606.0,2503172.35,1119810.83
34834,13998,37435,164721,Conifères,Sequoiadendron,Séquoia,Séquoia,"Séquoia, Séquoia géant pleureur",,,,,0,,Historique,https://www.patrimoine-vert-geneve.ch/arbres/arbres-isoles-genevois/sequoiadendron/sequoia-geant,Cartigny,1236,,19760606.0,2490506.03,1114734.78
40208,13998,37435,70220,Conifères,Sequoiadendron,Séquoia,Séquoia,"Séquoia, Séquoia géant pleureur",,,,,0,,Historique,https://www.patrimoine-vert-geneve.ch/arbres/arbres-isoles-genevois/sequoiadendron/sequoia-geant,Versoix,1290,,19760606.0,2501182.36,1125661.8
40259,13998,37435,143757,Conifères,Sequoiadendron,Séquoia,Séquoia,"Séquoia, Séquoia géant pleureur",,,,,0,,Historique,https://www.patrimoine-vert-geneve.ch/arbres/arbres-isoles-genevois/sequoiadendron/sequoia-geant,Vernier,1214,,19760606.0,2495823.14,1119602.46
39854,13998,37435,72133,Conifères,Sequoiadendron,Séquoia,Séquoia,"Séquoia, Séquoia géant pleureur",,,,,0,,Historique,https://www.patrimoine-vert-geneve.ch/arbres/arbres-isoles-genevois/sequoiadendron/sequoia-geant,Troinex,1256,,19760606.0,2500012.84,1113441.56
39454,13998,37435,72013,Conifères,Sequoiadendron,Séquoia,Séquoia,"Séquoia, Séquoia géant pleureur",,,,,0,,Historique,https://www.patrimoine-vert-geneve.ch/arbres/arbres-isoles-genevois/sequoiadendron/sequoia-geant,Veyrier,1234,,19760606.0,2499761.4,1114342.32
38554,13998,37435,59150,Conifères,Sequoiadendron,Séquoia,Séquoia,"Séquoia, Séquoia géant pleureur",,,,,0,,Historique,https://www.patrimoine-vert-geneve.ch/arbres/arbres-isoles-genevois/sequoiadendron/sequoia-geant,Lancy,1213,,19760606.0,2498303.45,1116400.76
39495,13998,37435,60058,Conifères,Sequoiadendron,Séquoia,Séquoia,"Séquoia, Séquoia géant pleureur",,,,,0,,Historique,https://www.patrimoine-vert-geneve.ch/arbres/arbres-isoles-genevois/sequoiadendron/sequoia-geant,Versoix,1290,,19760606.0,2501016.34,1126542.73
39013,13998,37435,72130,Conifères,Sequoiadendron,Séquoia,Séquoia,"Séquoia, Séquoia géant pleureur",,,,,0,,Historique,https://www.patrimoine-vert-geneve.ch/arbres/arbres-isoles-genevois/sequoiadendron/sequoia-geant,Versoix,1290,,19760606.0,2502124.13,1127216.68
38264,13998,37435,55974,Conifères,Sequoiadendron,Séquoia,Séquoia,"Séquoia, Séquoia géant pleureur",,,,,0,,Historique,https://www.patrimoine-vert-geneve.ch/arbres/arbres-isoles-genevois/sequoiadendron/sequoia-geant,Genève-Petit-Saconnex,1203,,19760606.0,2498781.73,1118351.81
44860,13998,37435,64795,Conifères,Sequoiadendron,Séquoia,Séquoia,"Séquoia, Séquoia géant pleureur",,,,,0,,Historique,https://www.patrimoine-vert-geneve.ch/arbres/arbres-isoles-genevois/sequoiadendron/sequoia-geant,Chêne-Bougeries,1224,,19760606.0,2504347.34,1117664.6
43347,13998,37435,64820,Conifères,Sequoiadendron,Séquoia,Séquoia,"Séquoia, Séquoia géant pleureur",,,,,0,,Historique,https://www.patrimoine-vert-geneve.ch/arbres/arbres-isoles-genevois/sequoiadendron/sequoia-geant,Chêne-Bougeries,1224,,19760606.0,2503877.47,1117294.57
43348,13998,37435,64821,Conifères,Sequoiadendron,Séquoia,Séquoia,"Séquoia, Séquoia géant pleureur",,,,,0,,Historique,https://www.patrimoine-vert-geneve.ch/arbres/arbres-isoles-genevois/sequoiadendron/sequoia-geant,Chêne-Bougeries,1224,,19760606.0,2503873.01,1117293.8
41825,13998,37435,75724,Conifères,Sequoiadendron,Séquoia,Séquoia,"Séquoia, Séquoia géant pleureur",,,,,0,,Historique,https://www.patrimoine-vert-geneve.ch/arbres/arbres-isoles-genevois/sequoiadendron/sequoia-geant,Céligny,1298,,19760606.0,2504809.7,1133023.84
47453,13998,37435,66597,Conifères,Sequoiadendron,Séquoia,Séquoia,"Séquoia, Séquoia géant pleureur",,,,,0,,Historique,https://www.patrimoine-vert-geneve.ch/arbres/arbres-isoles-genevois/sequoiadendron/sequoia-geant,Genève-Petit-Saconnex,1203,,19760606.0,2498353.6,1117614.85
47488,13998,37435,82829,Conifères,Sequoiadendron,Séquoia,Séquoia,"Séquoia, Séquoia géant pleureur",,,,,0,,Historique,https://www.patrimoine-vert-geneve.ch/arbres/arbres-isoles-genevois/sequoiadendron/sequoia-geant,Veyrier,1234,,19760606.0,2499824.27,1114367.03
47705,13998,37435,74853,Conifères,Sequoiadendron,Séquoia,Séquoia,"Séquoia, Séquoia géant pleureur",,,,,0,,Historique,https://www.patrimoine-vert-geneve.ch/arbres/arbres-isoles-genevois/sequoiadendron/sequoia-geant,Collonge-Bellerive,1222,,19760606.0,2504609.96,1121303.55
46896,13998,37435,63244,Conifères,Sequoiadendron,Séquoia,Séquoia,"Séquoia, Séquoia géant pleureur",,,,,0,,Historique,https://www.patrimoine-vert-geneve.ch/arbres/arbres-isoles-genevois/sequoiadendron/sequoia-geant,Veyrier,1234,,19760606.0,2501568.2,1114417.93
44914,13998,37435,70349,Conifères,Sequoiadendron,Séquoia,Séquoia,"Séquoia, Séquoia géant pleureur",,,,,0,,Historique,https://www.patrimoine-vert-geneve.ch/arbres/arbres-isoles-genevois/sequoiadendron/sequoia-geant,Onex,1213,,19760606.0,2497195.86,1116260.78
45318,13998,37435,70318,Conifères,Sequoiadendron,Séquoia,Séquoia,"Séquoia, Séquoia géant pleureur",,,,,0,,Historique,https://www.patrimoine-vert-geneve.ch/arbres/arbres-isoles-genevois/sequoiadendron/sequoia-geant,Lancy,1212,,19760606.0,2497790.41,1115282.58
44985,13998,37435,60127,Conifères,Sequoiadendron,Séquoia,Séquoia,"Séquoia, Séquoia géant pleureur",,,,,0,,Historique,https://www.patrimoine-vert-geneve.ch/arbres/arbres-isoles-genevois/sequoiadendron/sequoia-geant,Genthod,1294,,19760606.0,2500170.49,1124803.1
45791,13998,37435,74329,Conifères,Sequoiadendron,Séquoia,Séquoia,"Séquoia, Séquoia géant pleureur",,,,,0,,Historique,https://www.patrimoine-vert-geneve.ch/arbres/arbres-isoles-genevois/sequoiadendron/sequoia-geant,Collonge-Bellerive,1245,,19760606.0,2504700.03,1123823.7
45418,13998,37435,63647,Conifères,Sequoiadendron,Séquoia,Séquoia,"Séquoia, Séquoia géant pleureur",,,,,0,,Historique,https://www.patrimoine-vert-geneve.ch/arbres/arbres-isoles-genevois/sequoiadendron/sequoia-geant,Collonge-Bellerive,1245,,19760606.0,2504810.72,1124253.67
45088,13998,37435,68228,Conifères,Sequoiadendron,Séquoia,Séquoia,"Séquoia, Séquoia géant pleureur",,,,,0,,Historique,https://www.patrimoine-vert-geneve.ch/arbres/arbres-isoles-genevois/sequoiadendron/sequoia-geant,Satigny,1214,,19760606.0,2493617.98,1118176.65
46368,13998,37435,78238,Conifères,Sequoiadendron,Séquoia,Séquoia,"Séquoia, Séquoia géant pleureur",,,,,0,,Historique,https://www.patrimoine-vert-geneve.ch/arbres/arbres-isoles-genevois/sequoiadendron/sequoia-geant,Avully,1237,,19760606.0,2488828.99,1114027.35
45204,13998,37435,70717,Conifères,Sequoiadendron,Séquoia,Séquoia,"Séquoia, Séquoia géant pleureur",,,,,0,,Historique,https://www.patrimoine-vert-geneve.ch/arbres/arbres-isoles-genevois/sequoiadendron/sequoia-geant,Plan-les-Ouates,1228,,19760606.0,2498030.21,1114241.27
50158,13998,37435,147536,Conifères,Sequoiadendron,Séquoia,Séquoia,"Séquoia, Séquoia géant pleureur",,,,,0,,Historique,https://www.patrimoine-vert-geneve.ch/arbres/arbres-isoles-genevois/sequoiadendron/sequoia-geant,Troinex,1256,,19760606.0,2500036.27,1113425.88
50665,13998,37435,83903,Conifères,Sequoiadendron,Séquoia,Séquoia,"Séquoia, Séquoia géant pleureur",,,,,0,,Historique,https://www.patrimoine-vert-geneve.ch/arbres/arbres-isoles-genevois/sequoiadendron/sequoia-geant,Chêne-Bougeries,1224,,19760606.0,2502588.2,1116796.31
51116,13998,37435,79982,Conifères,Sequoiadendron,Séquoia,Séquoia,"Séquoia, Séquoia géant pleureur",,,,,0,,Historique,https://www.patrimoine-vert-geneve.ch/arbres/arbres-isoles-genevois/sequoiadendron/sequoia-geant,Perly-Certoux,1258,,19760606.0,2495872.94,1112110.21
50018,13998,37435,82871,Conifères,Sequoiadendron,Séquoia,Séquoia,"Séquoia, Séquoia géant pleureur",,,,,0,,Historique,https://www.patrimoine-vert-geneve.ch/arbres/arbres-isoles-genevois/sequoiadendron/sequoia-geant,Troinex,1256,,19760606.0,2499723.86,1113451.16
49168,13998,37435,69602,Conifères,Sequoiadendron,Séquoia,Séquoia,"Séquoia, Séquoia géant pleureur",,,,,0,,Historique,https://www.patrimoine-vert-geneve.ch/arbres/arbres-isoles-genevois/sequoiadendron/sequoia-geant,Grand-Saconnex,1218,,19760606.0,2498217.81,1120259.23
48889,13998,37435,159733,Conifères,Sequoiadendron,Séquoia,Séquoia,"Séquoia, Séquoia géant pleureur",,,,,0,,Historique,https://www.patrimoine-vert-geneve.ch/arbres/arbres-isoles-genevois/sequoiadendron/sequoia-geant,Chêne-Bougeries,1231,,19760606.0,2501900.67,1115987.96
48689,13998,37435,84716,Conifères,Sequoiadendron,Séquoia,Séquoia,"Séquoia, Séquoia géant pleureur",,,,,0,,Historique,https://www.patrimoine-vert-geneve.ch/arbres/arbres-isoles-genevois/sequoiadendron/sequoia-geant,Collonge-Bellerive,1245,,19760606.0,2504314.42,1123022.93
54720,13998,37435,90970,Conifères,Sequoiadendron,Séquoia,Séquoia,"Séquoia, Séquoia géant pleureur",,,,,0,,Historique,https://www.patrimoine-vert-geneve.ch/arbres/arbres-isoles-genevois/sequoiadendron/sequoia-geant,Grand-Saconnex,1218,,19760606.0,2498212.04,1120253.67
54776,13998,37435,84945,Conifères,Sequoiadendron,Séquoia,Séquoia,"Séquoia, Séquoia géant pleureur",,,,,0,,Historique,https://www.patrimoine-vert-geneve.ch/arbres/arbres-isoles-genevois/sequoiadendron/sequoia-geant,Vandoeuvres,1253,,19760606.0,2504804.75,1120130.91
54050,13998,37435,89696,Conifères,Sequoiadendron,Séquoia,Séquoia,"Séquoia, Séquoia géant pleureur",,,,,0,,Historique,https://www.patrimoine-vert-geneve.ch/arbres/arbres-isoles-genevois/sequoiadendron/sequoia-geant,Satigny,1214,,19760606.0,2493805.32,1119294.62
53632,13998,37435,82120,Conifères,Sequoiadendron,Séquoia,Séquoia,"Séquoia, Séquoia géant pleureur",,,,,0,,Historique,https://www.patrimoine-vert-geneve.ch/arbres/arbres-isoles-genevois/sequoiadendron/sequoia-geant,Pregny-Chambésy,1292,,19760606.0,2500144.68,1122033.29
54997,13998,37435,76669,Conifères,Sequoiadendron,Séquoia,Séquoia,"Séquoia, Séquoia géant pleureur",,,,,0,,Historique,https://www.patrimoine-vert-geneve.ch/arbres/arbres-isoles-genevois/sequoiadendron/sequoia-geant,Satigny,1242,,19760606.0,2491954.47,1120713.2
54642,13998,37435,91179,Conifères,Sequoiadendron,Séquoia,Séquoia,"Séquoia, Séquoia géant pleureur",,,,,0,,Historique,https://www.patrimoine-vert-geneve.ch/arbres/arbres-isoles-genevois/sequoiadendron/sequoia-geant,Vernier,1219,,19760606.0,2497089.35,1119455.73
54679,13998,37435,82678,Conifères,Sequoiadendron,Séquoia,Séquoia,"Séquoia, Séquoia géant pleureur",,,,,0,,Historique,https://www.patrimoine-vert-geneve.ch/arbres/arbres-isoles-genevois/sequoiadendron/sequoia-geant,Plan-les-Ouates,1257,,19760606.0,2499515.66,1112596.22
55133,13998,37435,95059,Conifères,Sequoiadendron,Séquoia,Séquoia,"Séquoia, Séquoia géant pleureur",,,,,0,,Historique,https://www.patrimoine-vert-geneve.ch/arbres/arbres-isoles-genevois/sequoiadendron/sequoia-geant,Chêne-Bougeries,1231,,19760606.0,2502969.28,1115978.43
52662,13998,37435,80718,Conifères,Sequoiadendron,Séquoia,Séquoia,"Séquoia, Séquoia géant pleureur",,,,,0,,Historique,https://www.patrimoine-vert-geneve.ch/arbres/arbres-isoles-genevois/sequoiadendron/sequoia-geant,Versoix,1290,,19760606.0,2501188.05,1125661.8
57879,13998,37435,146168,Conifères,Sequoiadendron,Séquoia,Séquoia,"Séquoia, Séquoia géant pleureur",,,,,0,,Historique,https://www.patrimoine-vert-geneve.ch/arbres/arbres-isoles-genevois/sequoiadendron/sequoia-geant,Versoix,1290,,19760606.0,2501211.68,1125716.87
58310,13998,37435,94586,Conifères,Sequoiadendron,Séquoia,Séquoia,"Séquoia, Séquoia géant pleureur",,,,,0,,Historique,https://www.patrimoine-vert-geneve.ch/arbres/arbres-isoles-genevois/sequoiadendron/sequoia-geant,Genève-Eaux-Vives,1208,,19760606.0,2502308.54,1117377.29
58500,13998,37435,95388,Conifères,Sequoiadendron,Séquoia,Séquoia,"Séquoia, Séquoia géant pleureur",,,,,0,,Historique,https://www.patrimoine-vert-geneve.ch/arbres/arbres-isoles-genevois/sequoiadendron/sequoia-geant,Genève-Plainpalais,1206,,19760606.0,2501610.92,1116127.05
57693,13998,37435,148591,Conifères,Sequoiadendron,Séquoia,Séquoia,"Séquoia, Séquoia géant pleureur",,,,,0,,Historique,https://www.patrimoine-vert-geneve.ch/arbres/arbres-isoles-genevois/sequoiadendron/sequoia-geant,Cologny,1223,,19760606.0,2502581.9,1117901.03
56995,13998,37435,82367,Conifères,Sequoiadendron,Séquoia,Séquoia,"Séquoia, Séquoia géant pleureur",,,,,0,,Historique,https://www.patrimoine-vert-geneve.ch/arbres/arbres-isoles-genevois/sequoiadendron/sequoia-geant,Pregny-Chambésy,1292,,19760606.0,2499144.21,1121184.09
56093,13998,37435,83481,Conifères,Sequoiadendron,Séquoia,Séquoia,"Séquoia, Séquoia géant pleureur",,,,,0,,Historique,https://www.patrimoine-vert-geneve.ch/arbres/arbres-isoles-genevois/sequoiadendron/sequoia-geant,Cologny,1223,,19760606.0,2503030.25,1119842.65
56189,13998,37435,80839,Conifères,Sequoiadendron,Séquoia,Séquoia,"Séquoia, Séquoia géant pleureur",,,,,0,,Historique,https://www.patrimoine-vert-geneve.ch/arbres/arbres-isoles-genevois/sequoiadendron/sequoia-geant,Lancy,1212,,19760606.0,2497809.38,1115350.79
55388,13998,37435,91088,Conifères,Sequoiadendron,Séquoia,Séquoia,"Séquoia, Séquoia géant pleureur",,,,,0,,Historique,https://www.patrimoine-vert-geneve.ch/arbres/arbres-isoles-genevois/sequoiadendron/sequoia-geant,Meyrin,1216,,19760606.0,2497491.05,1120098.53
56213,13998,37435,75041,Conifères,Sequoiadendron,Séquoia,Séquoia,"Séquoia, Séquoia géant pleureur",,,,,0,,Historique,https://www.patrimoine-vert-geneve.ch/arbres/arbres-isoles-genevois/sequoiadendron/sequoia-geant,Vandoeuvres,1253,,19760606.0,2504272.64,1120269.83
55591,13998,37435,86082,Conifères,Sequoiadendron,Séquoia,Séquoia,"Séquoia, Séquoia géant pleureur",,,,,0,,Historique,https://www.patrimoine-vert-geneve.ch/arbres/arbres-isoles-genevois/sequoiadendron/sequoia-geant,Vandoeuvres,1253,,19760606.0,2503735.45,1118787.78
60836,13998,37435,169625,Conifères,Sequoiadendron,Séquoia,Séquoia,"Séquoia, Séquoia géant pleureur",,,,,0,,Historique,https://www.patrimoine-vert-geneve.ch/arbres/arbres-isoles-genevois/sequoiadendron/sequoia-geant,Genthod,1294,,19760606.0,2501583.26,1124616.48
61759,13998,37435,97981,Conifères,Sequoiadendron,Séquoia,Séquoia,"Séquoia, Séquoia géant pleureur",,,,,0,,Historique,https://www.patrimoine-vert-geneve.ch/arbres/arbres-isoles-genevois/sequoiadendron/sequoia-geant,Jussy,1254,,19760606.0,2511079.46,1120023.42
60529,13998,37435,83985,Conifères,Sequoiadendron,Séquoia,Séquoia,"Séquoia, Séquoia géant pleureur",,,,,0,,Historique,https://www.patrimoine-vert-geneve.ch/arbres/arbres-isoles-genevois/sequoiadendron/sequoia-geant,Genève-Eaux-Vives,1208,,19760606.0,2502265.66,1117769.5
62012,13998,37435,99991,Conifères,Sequoiadendron,Séquoia,Séquoia,"Séquoia, Séquoia géant pleureur",,,,,0,,Historique,https://www.patrimoine-vert-geneve.ch/arbres/arbres-isoles-genevois/sequoiadendron/sequoia-geant,Satigny,1242,,19760606.0,2491117.3,1118389.43
58951,13998,37435,150390,Conifères,Sequoiadendron,Séquoia,Séquoia,"Séquoia, Séquoia géant pleureur",,,,,0,,Historique,https://www.patrimoine-vert-geneve.ch/arbres/arbres-isoles-genevois/sequoiadendron/sequoia-geant,Collonge-Bellerive,1222,,19760606.0,2504606.3,1121299.88
59756,13998,37435,92429,Conifères,Sequoiadendron,Séquoia,Séquoia,"Séquoia, Séquoia géant pleureur",,,,,0,,Historique,https://www.patrimoine-vert-geneve.ch/arbres/arbres-isoles-genevois/sequoiadendron/sequoia-geant,Versoix,1290,,19760606.0,2501182.28,1125765.87
58994,13998,37435,160530,Conifères,Sequoiadendron,Séquoia,Séquoia,"Séquoia, Séquoia géant pleureur",,,,,0,,Historique,https://www.patrimoine-vert-geneve.ch/arbres/arbres-isoles-genevois/sequoiadendron/sequoia-geant,Collonge-Bellerive,1245,,19760606.0,2504715.88,1123896.11
64683,13998,37435,145592,Conifères,Sequoiadendron,Séquoia,Séquoia,"Séquoia, Séquoia géant pleureur",,,,,0,,Historique,https://www.patrimoine-vert-geneve.ch/arbres/arbres-isoles-genevois/sequoiadendron/sequoia-geant,Onex,1213,,19760606.0,2496739.74,1115254.21
65112,13998,37435,147833,Conifères,Sequoiadendron,Séquoia,Séquoia,"Séquoia, Séquoia géant pleureur",,,,,0,,Historique,https://www.patrimoine-vert-geneve.ch/arbres/arbres-isoles-genevois/sequoiadendron/sequoia-geant,Cologny,1223,,19760606.0,2502688.11,1118921.79
64394,13998,37435,78349,Conifères,Sequoiadendron,Séquoia,Séquoia,"Séquoia, Séquoia géant pleureur",,,,,0,,Historique,https://www.patrimoine-vert-geneve.ch/arbres/arbres-isoles-genevois/sequoiadendron/sequoia-geant,Dardagny,1283,,19760606.0,2487513.14,1117001.39
64888,13998,37435,73412,Conifères,Sequoiadendron,Séquoia,Séquoia,"Séquoia, Séquoia géant pleureur",,,,,0,,Historique,https://www.patrimoine-vert-geneve.ch/arbres/arbres-isoles-genevois/sequoiadendron/sequoia-geant,Chêne-Bougeries,1224,,19760606.0,2502600.1,1116655.45
64223,13998,37435,92965,Conifères,Sequoiadendron,Séquoia,Séquoia,"Séquoia, Séquoia géant pleureur",,,,,0,,Historique,https://www.patrimoine-vert-geneve.ch/arbres/arbres-isoles-genevois/sequoiadendron/sequoia-geant,Pregny-Chambésy,1292,,19760606.0,2499137.75,1121178.09
63945,13998,37435,170171,Conifères,Sequoiadendron,Séquoia,Séquoia,"Séquoia, Séquoia géant pleureur",,,,,0,,Historique,https://www.patrimoine-vert-geneve.ch/arbres/arbres-isoles-genevois/sequoiadendron/sequoia-geant,Chêne-Bougeries,1224,,19760606.0,2502559.94,1117006.23
63063,13998,37435,151253,Conifères,Sequoiadendron,Séquoia,Séquoia,"Séquoia, Séquoia géant pleureur",,,,,0,,Historique,https://www.patrimoine-vert-geneve.ch/arbres/arbres-isoles-genevois/sequoiadendron/sequoia-geant,Thônex,1226,,19760606.0,2503841.98,1115653.28
63564,13998,37435,65696,Conifères,Sequoiadendron,Séquoia,Séquoia,"Séquoia, Séquoia géant pleureur",,,,,0,,Historique,https://www.patrimoine-vert-geneve.ch/arbres/arbres-isoles-genevois/sequoiadendron/sequoia-geant,Jussy,1254,,19760606.0,2508081.06,1120972.56
62540,13998,37435,97575,Conifères,Sequoiadendron,Séquoia,Séquoia,"Séquoia, Séquoia géant pleureur",,,,,0,,Historique,https://www.patrimoine-vert-geneve.ch/arbres/arbres-isoles-genevois/sequoiadendron/sequoia-geant,Anières,1247,,19760606.0,2506101.6,1125338.03
67808,13998,37435,155781,Conifères,Sequoiadendron,Séquoia,Séquoia,"Séquoia, Séquoia géant pleureur",,,,,0,,Historique,https://www.patrimoine-vert-geneve.ch/arbres/arbres-isoles-genevois/sequoiadendron/sequoia-geant,Lancy,1213,,19760606.0,2498730.53,1116913.19
68422,13998,37435,157250,Conifères,Sequoiadendron,Séquoia,Séquoia,"Séquoia, Séquoia géant pleureur",,,,,0,,Historique,https://www.patrimoine-vert-geneve.ch/arbres/arbres-isoles-genevois/sequoiadendron/sequoia-geant,Genthod,1294,,19760606.0,2501244.58,1124654.4
68429,13998,37435,165060,Conifères,Sequoiadendron,Séquoia,Séquoia,"Séquoia, Séquoia géant pleureur",,,,,0,,Historique,https://www.patrimoine-vert-geneve.ch/arbres/arbres-isoles-genevois/sequoiadendron/sequoia-geant,Satigny,1242,,19760606.0,2491899.68,1117496.55
68949,13998,37435,108740,Conifères,Sequoiadendron,Séquoia,Séquoia,"Séquoia, Séquoia géant pleureur",,,,,0,,Historique,https://www.patrimoine-vert-geneve.ch/arbres/arbres-isoles-genevois/sequoiadendron/sequoia-geant,Jussy,1254,,19760606.0,2511151.48,1120031.27
67006,13998,37435,161211,Conifères,Sequoiadendron,Séquoia,Séquoia,"Séquoia, Séquoia géant pleureur",,,,,0,,Historique,https://www.patrimoine-vert-geneve.ch/arbres/arbres-isoles-genevois/sequoiadendron/sequoia-geant,Vandoeuvres,1253,,19760606.0,2504269.55,1120273.8
65916,13998,37435,83824,Conifères,Sequoiadendron,Séquoia,Séquoia,"Séquoia, Séquoia géant pleureur",,,,,0,,Historique,https://www.patrimoine-vert-geneve.ch/arbres/arbres-isoles-genevois/sequoiadendron/sequoia-geant,Genève-Eaux-Vives,1208,,19760606.0,2502151.45,1117331.56
66325,13998,37435,167954,Conifères,Sequoiadendron,Séquoia,Séquoia,"Séquoia, Séquoia géant pleureur",,,,,0,,Historique,https://www.patrimoine-vert-geneve.ch/arbres/arbres-isoles-genevois/sequoiadendron/sequoia-geant,Pregny-Chambésy,1292,,19760606.0,2500527.68,1120432.19
66774,13998,37435,53837,Conifères,Sequoiadendron,Séquoia,Séquoia,"Séquoia, Séquoia géant pleureur",,,,,0,,Historique,https://www.patrimoine-vert-geneve.ch/arbres/arbres-isoles-genevois/sequoiadendron/sequoia-geant,Collonge-Bellerive,1222,,19760606.0,2504531.58,1121409.26
67276,13998,37435,159566,Conifères,Sequoiadendron,Séquoia,Séquoia,"Séquoia, Séquoia géant pleureur",,,,,0,,Historique,https://www.patrimoine-vert-geneve.ch/arbres/arbres-isoles-genevois/sequoiadendron/sequoia-geant,Chêne-Bougeries,1224,,19760606.0,2502591.61,1116792.31
67295,13998,37435,159968,Conifères,Sequoiadendron,Séquoia,Séquoia,"Séquoia, Séquoia géant pleureur",,,,,0,,Historique,https://www.patrimoine-vert-geneve.ch/arbres/arbres-isoles-genevois/sequoiadendron/sequoia-geant,Genève-Eaux-Vives,1208,,19760606.0,2501930.13,1116330.32
71298,13998,37435,109448,Conifères,Sequoiadendron,Séquoia,Séquoia,"Séquoia, Séquoia géant pleureur",,,,,0,,Historique,https://www.patrimoine-vert-geneve.ch/arbres/arbres-isoles-genevois/sequoiadendron/sequoia-geant,Genève-Petit-Saconnex,1209,,19760606.0,2498282.63,1119455.39
72445,13998,37435,171351,Conifères,Sequoiadendron,Séquoia,Séquoia,"Séquoia, Séquoia géant pleureur",,,,,0,,Historique,https://www.patrimoine-vert-geneve.ch/arbres/arbres-isoles-genevois/sequoiadendron/sequoia-geant,Collonge-Bellerive,1245,,19760606.0,2504692.53,1123818.34
70454,13998,37435,110618,Conifères,Sequoiadendron,Séquoia,Séquoia,"Séquoia, Séquoia géant pleureur",,,,,0,,Historique,https://www.patrimoine-vert-geneve.ch/arbres/arbres-isoles-genevois/sequoiadendron/sequoia-geant,Avully,1237,,19760606.0,2488531.42,1114817.73
70613,13998,37435,106123,Conifères,Sequoiadendron,Séquoia,Séquoia,"Séquoia, Séquoia géant pleureur",,,,,0,,Historique,https://www.patrimoine-vert-geneve.ch/arbres/arbres-isoles-genevois/sequoiadendron/sequoia-geant,Genève-Eaux-Vives,1208,,19760606.0,2501682.24,1116506.75
70166,13998,37435,164120,Conifères,Sequoiadendron,Séquoia,Séquoia,"Séquoia, Séquoia géant pleureur",,,,,0,,Historique,https://www.patrimoine-vert-geneve.ch/arbres/arbres-isoles-genevois/sequoiadendron/sequoia-geant,Genève-Petit-Saconnex,1209,,19760606.0,2498941.06,1119656.7
75524,13998,37435,114456,Conifères,Sequoiadendron,Séquoia,Séquoia,"Séquoia, Séquoia géant pleureur",,,,,0,,Historique,https://www.patrimoine-vert-geneve.ch/arbres/arbres-isoles-genevois/sequoiadendron/sequoia-geant,Pregny-Chambésy,1292,,19760606.0,2499373.7,1121099.75
75966,13998,37435,128013,Conifères,Sequoiadendron,Séquoia,Séquoia,"Séquoia, Séquoia géant pleureur",,,,,0,,Historique,https://www.patrimoine-vert-geneve.ch/arbres/arbres-isoles-genevois/sequoiadendron/sequoia-geant,Veyrier,1234,,19760606.0,2501619.66,1114357.35
76005,13998,37435,117230,Conifères,Sequoiadendron,Séquoia,Séquoia,"Séquoia, Séquoia géant pleureur",,,,,0,,Historique,https://www.patrimoine-vert-geneve.ch/arbres/arbres-isoles-genevois/sequoiadendron/sequoia-geant,Collonge-Bellerive,1245,,19760606.0,2504766.62,1124427.02
74364,13998,37435,125279,Conifères,Sequoiadendron,Séquoia,Séquoia,"Séquoia, Séquoia géant pleureur",,,,,0,,Historique,https://www.patrimoine-vert-geneve.ch/arbres/arbres-isoles-genevois/sequoiadendron/sequoia-geant,Genève-Plainpalais,1206,,19760606.0,2500794.1,1115968.48
75736,13998,37435,164054,Conifères,Sequoiadendron,Séquoia,Séquoia,"Séquoia, Séquoia géant pleureur",,,,,0,,Historique,https://www.patrimoine-vert-geneve.ch/arbres/arbres-isoles-genevois/sequoiadendron/sequoia-geant,Genève-Petit-Saconnex,1202,,19760606.0,2500437.22,1119253.54
74933,13998,37435,132317,Conifères,Sequoiadendron,Séquoia,Séquoia,"Séquoia, Séquoia géant pleureur",,,,,0,,Historique,https://www.patrimoine-vert-geneve.ch/arbres/arbres-isoles-genevois/sequoiadendron/sequoia-geant,Satigny,1242,,19760606.0,2490953.18,1119887.96
74544,13998,37435,110687,Conifères,Sequoiadendron,Séquoia,Séquoia,"Séquoia, Séquoia géant pleureur",,,,,0,,Historique,https://www.patrimoine-vert-geneve.ch/arbres/arbres-isoles-genevois/sequoiadendron/sequoia-geant,Satigny,1242,,19760606.0,2490769.83,1118726.84
74093,13998,37435,103223,Conifères,Sequoiadendron,Séquoia,Séquoia,"Séquoia, Séquoia géant pleureur",,,,,0,,Historique,https://www.patrimoine-vert-geneve.ch/arbres/arbres-isoles-genevois/sequoiadendron/sequoia-geant,Grand-Saconnex,1218,,19760606.0,2499054.92,1121244.03
72868,13998,37435,104508,Conifères,Sequoiadendron,Séquoia,Séquoia,"Séquoia, Séquoia géant pleureur",,,,,0,,Historique,https://www.patrimoine-vert-geneve.ch/arbres/arbres-isoles-genevois/sequoiadendron/sequoia-geant,Troinex,1256,,19760606.0,2499922.24,1112806.35
72922,13998,37435,103088,Conifères,Sequoiadendron,Séquoia,Séquoia,"Séquoia, Séquoia géant pleureur",,,,,0,,Historique,https://www.patrimoine-vert-geneve.ch/arbres/arbres-isoles-genevois/sequoiadendron/sequoia-geant,Versoix,1290,,19760606.0,2500992.68,1125734.59
72923,13998,37435,103093,Conifères,Sequoiadendron,Séquoia,Séquoia,"Séquoia, Séquoia géant pleureur",,,,,0,,Historique,https://www.patrimoine-vert-geneve.ch/arbres/arbres-isoles-genevois/sequoiadendron/sequoia-geant,Versoix,1290,,19760606.0,2501250.79,1125657.28
78157,13998,37435,103421,Conifères,Sequoiadendron,Séquoia,Séquoia,"Séquoia, Séquoia géant pleureur",,,,,0,,Historique,https://www.patrimoine-vert-geneve.ch/arbres/arbres-isoles-genevois/sequoiadendron/sequoia-geant,Bellevue,1293,,19760606.0,2500159.26,1123081.11
79512,13998,37435,103657,Conifères,Sequoiadendron,Séquoia,Séquoia,"Séquoia, Séquoia géant pleureur",,,,,0,,Historique,https://www.patrimoine-vert-geneve.ch/arbres/arbres-isoles-genevois/sequoiadendron/sequoia-geant,Pregny-Chambésy,1292,,19760606.0,2500527.39,1121678.18
77847,13998,37435,105441,Conifères,Sequoiadendron,Séquoia,Séquoia,"Séquoia, Séquoia géant pleureur",,,,,0,,Historique,https://www.patrimoine-vert-geneve.ch/arbres/arbres-isoles-genevois/sequoiadendron/sequoia-geant,Chêne-Bougeries,1224,,19760606.0,2502555.48,1117011.77
79176,13998,37435,136005,Conifères,Sequoiadendron,Séquoia,Séquoia,"Séquoia, Séquoia géant pleureur",,,,,0,,Historique,https://www.patrimoine-vert-geneve.ch/arbres/arbres-isoles-genevois/sequoiadendron/sequoia-geant,Troinex,1256,,19760606.0,2500107.99,1113679.86
79194,13998,37435,135931,Conifères,Sequoiadendron,Séquoia,Séquoia,"Séquoia, Séquoia géant pleureur",,,,,0,,Historique,https://www.patrimoine-vert-geneve.ch/arbres/arbres-isoles-genevois/sequoiadendron/sequoia-geant,Genève-Plainpalais,1206,,19760606.0,2500913.25,1116123.86
78830,13998,37435,128316,Conifères,Sequoiadendron,Séquoia,Séquoia,"Séquoia, Séquoia géant pleureur",,,,,0,,Historique,https://www.patrimoine-vert-geneve.ch/arbres/arbres-isoles-genevois/sequoiadendron/sequoia-geant,Collonge-Bellerive,1245,,19760606.0,2504703.46,1123818.34
78866,13998,37435,108608,Conifères,Sequoiadendron,Séquoia,Séquoia,"Séquoia, Séquoia géant pleureur",,,,,0,,Historique,https://www.patrimoine-vert-geneve.ch/arbres/arbres-isoles-genevois/sequoiadendron/sequoia-geant,Choulex,1244,,19760606.0,2506225.22,1119333.67
78124,13998,37435,131004,Conifères,Sequoiadendron,Séquoia,Séquoia,"Séquoia, Séquoia géant pleureur",,,,,0,,Historique,https://www.patrimoine-vert-geneve.ch/arbres/arbres-isoles-genevois/sequoiadendron/sequoia-geant,Genève-Petit-Saconnex,1209,,19760606.0,2498191.38,1119446.38
77808,13998,37435,132238,Conifères,Sequoiadendron,Séquoia,Séquoia,"Séquoia, Séquoia géant pleureur",,,,,0,,Historique,https://www.patrimoine-vert-geneve.ch/arbres/arbres-isoles-genevois/sequoiadendron/sequoia-geant,Dardagny,1283,,19760606.0,2488182.06,1117237.33
77446,13998,37435,119069,Conifères,Sequoiadendron,Séquoia,Séquoia,"Séquoia, Séquoia géant pleureur",,,,,0,,Historique,https://www.patrimoine-vert-geneve.ch/arbres/arbres-isoles-genevois/sequoiadendron/sequoia-geant,Anières,1247,,19760606.0,2506076.76,1125337.42
77013,13998,37435,106717,Conifères,Sequoiadendron,Séquoia,Séquoia,"Séquoia, Séquoia géant pleureur",,,,,0,,Historique,https://www.patrimoine-vert-geneve.ch/arbres/arbres-isoles-genevois/sequoiadendron/sequoia-geant,Collonge-Bellerive,1245,,19760606.0,2504644.11,1123472.64
77179,13998,37435,114025,Conifères,Sequoiadendron,Séquoia,Séquoia,"Séquoia, Séquoia géant pleureur",,,,,0,,Historique,https://www.patrimoine-vert-geneve.ch/arbres/arbres-isoles-genevois/sequoiadendron/sequoia-geant,Genthod,1294,,19760606.0,2501234.11,1124714.02
82924,13998,37435,119719,Conifères,Sequoiadendron,Séquoia,Séquoia,"Séquoia, Séquoia géant pleureur",,,,,0,,Historique,https://www.patrimoine-vert-geneve.ch/arbres/arbres-isoles-genevois/sequoiadendron/sequoia-geant,Satigny,1242,,19760606.0,2492087.73,1120759.27
81321,13998,37435,131129,Conifères,Sequoiadendron,Séquoia,Séquoia,"Séquoia, Séquoia géant pleureur",,,,,0,,Historique,https://www.patrimoine-vert-geneve.ch/arbres/arbres-isoles-genevois/sequoiadendron/sequoia-geant,Genève-Petit-Saconnex,1202,,19760606.0,2498814.1,1119027.75
81377,13998,37435,110998,Conifères,Sequoiadendron,Séquoia,Séquoia,"Séquoia, Séquoia géant pleureur",,,,,0,,Historique,https://www.patrimoine-vert-geneve.ch/arbres/arbres-isoles-genevois/sequoiadendron/sequoia-geant,Dardagny,1283,,19760606.0,2489501.19,1115548.89
82285,13998,37435,170342,Conifères,Sequoiadendron,Séquoia,Séquoia,"Séquoia, Séquoia géant pleureur",,,,,0,,Historique,https://www.patrimoine-vert-geneve.ch/arbres/arbres-isoles-genevois/sequoiadendron/sequoia-geant,Genève-Eaux-Vives,1208,,19760606.0,2501846.28,1117179.95
79642,13998,37435,117046,Conifères,Sequoiadendron,Séquoia,Séquoia,"Séquoia, Séquoia géant pleureur",,,,,0,,Historique,https://www.patrimoine-vert-geneve.ch/arbres/arbres-isoles-genevois/sequoiadendron/sequoia-geant,Veyrier,1255,,19760606.0,2503186.48,1113808.49
79832,13998,37435,119495,Conifères,Sequoiadendron,Séquoia,Séquoia,"Séquoia, Séquoia géant pleureur",,,,,0,,Historique,https://www.patrimoine-vert-geneve.ch/arbres/arbres-isoles-genevois/sequoiadendron/sequoia-geant,Jussy,1254,,19760606.0,2511156.97,1120033.03
85531,13998,37435,107921,Conifères,Sequoiadendron,Séquoia,Séquoia,"Séquoia, Séquoia géant pleureur",,,,,0,,Historique,https://www.patrimoine-vert-geneve.ch/arbres/arbres-isoles-genevois/sequoiadendron/sequoia-geant,Chêne-Bourg,1225,,19760606.0,2504171.31,1116425.96
85988,13998,37435,117847,Conifères,Sequoiadendron,Séquoia,Séquoia,"Séquoia, Séquoia géant pleureur",,,,,0,,Historique,https://www.patrimoine-vert-geneve.ch/arbres/arbres-isoles-genevois/sequoiadendron/sequoia-geant,Collonge-Bellerive,1222,,19760606.0,2504604.76,1121303.16
84789,13998,37435,159066,Conifères,Sequoiadendron,Séquoia,Séquoia,"Séquoia, Séquoia géant pleureur",,,,,0,,Historique,https://www.patrimoine-vert-geneve.ch/arbres/arbres-isoles-genevois/sequoiadendron/sequoia-geant,Genève-Eaux-Vives,1207,,19760606.0,2502097.41,1118416.14
85670,13998,37435,106650,Conifères,Sequoiadendron,Séquoia,Séquoia,"Séquoia, Séquoia géant pleureur",,,,,0,,Historique,https://www.patrimoine-vert-geneve.ch/arbres/arbres-isoles-genevois/sequoiadendron/sequoia-geant,Collonge-Bellerive,1245,,19760606.0,2504703.89,1123821.55
84640,13998,37435,137992,Conifères,Sequoiadendron,Séquoia,Séquoia,"Séquoia, Séquoia géant pleureur",,,,,0,,Historique,https://www.patrimoine-vert-geneve.ch/arbres/arbres-isoles-genevois/sequoiadendron/sequoia-geant,Chêne-Bougeries,1231,,19760606.0,2502176.47,1115751.35
83462,13998,37435,117291,Conifères,Sequoiadendron,Séquoia,Séquoia,"Séquoia, Séquoia géant pleureur",,,,,0,,Historique,https://www.patrimoine-vert-geneve.ch/arbres/arbres-isoles-genevois/sequoiadendron/sequoia-geant,Collonge-Bellerive,1245,,19760606.0,2504694.03,1123823.27
84074,13998,37435,117782,Conifères,Sequoiadendron,Séquoia,Séquoia,"Séquoia, Séquoia géant pleureur",,,,,0,,Historique,https://www.patrimoine-vert-geneve.ch/arbres/arbres-isoles-genevois/sequoiadendron/sequoia-geant,Cologny,1223,,19760606.0,2503899.29,1120549.01
83280,13998,37435,130966,Conifères,Sequoiadendron,Séquoia,Séquoia,"Séquoia, Séquoia géant pleureur",,,,,0,,Historique,https://www.patrimoine-vert-geneve.ch/arbres/arbres-isoles-genevois/sequoiadendron/sequoia-geant,Genève-Petit-Saconnex,1202,,19760606.0,2498866.29,1119095.69
88153,13998,37435,125921,Conifères,Sequoiadendron,Séquoia,Séquoia,"Séquoia, Séquoia géant pleureur",,,,,0,,Historique,https://www.patrimoine-vert-geneve.ch/arbres/arbres-isoles-genevois/sequoiadendron/sequoia-geant,Veyrier,1234,,19760606.0,2499818.75,1114336.37
87797,13998,37435,123222,Conifères,Sequoiadendron,Séquoia,Séquoia,"Séquoia, Séquoia géant pleureur",,,,,0,,Historique,https://www.patrimoine-vert-geneve.ch/arbres/arbres-isoles-genevois/sequoiadendron/sequoia-geant,Grand-Saconnex,1218,,19760606.0,2498198.95,1120023.55
86593,13998,37435,135958,Conifères,Sequoiadendron,Séquoia,Séquoia,"Séquoia, Séquoia géant pleureur",,,,,0,,Historique,https://www.patrimoine-vert-geneve.ch/arbres/arbres-isoles-genevois/sequoiadendron/sequoia-geant,Genève-Plainpalais,1206,,19760606.0,2500613.79,1116419.54
87036,13998,37435,134994,Conifères,Sequoiadendron,Séquoia,Séquoia,"Séquoia, Séquoia géant pleureur",,,,,0,,Historique,https://www.patrimoine-vert-geneve.ch/arbres/arbres-isoles-genevois/sequoiadendron/sequoia-geant,Lancy,1212,,19760606.0,2497572.52,1115075.1
87607,13998,37435,129427,Conifères,Sequoiadendron,Séquoia,Séquoia,"Séquoia, Séquoia géant pleureur",,,,,0,,Historique,https://www.patrimoine-vert-geneve.ch/arbres/arbres-isoles-genevois/sequoiadendron/sequoia-geant,Chêne-Bougeries,1224,,19760606.0,2503875.14,1117298.26
92172,13998,37435,143198,Conifères,Sequoiadendron,Séquoia,Séquoia,"Séquoia, Séquoia géant pleureur",,,,,0,,Historique,https://www.patrimoine-vert-geneve.ch/arbres/arbres-isoles-genevois/sequoiadendron/sequoia-geant,Satigny,1214,,19760606.0,2493592.18,1118214.79
92755,13998,37435,159728,Conifères,Sequoiadendron,Séquoia,Séquoia,"Séquoia, Séquoia géant pleureur",,,,,0,,Historique,https://www.patrimoine-vert-geneve.ch/arbres/arbres-isoles-genevois/sequoiadendron/sequoia-geant,Chêne-Bougeries,1231,,19760606.0,2502964.36,1115978.72
90654,13998,37435,115007,Conifères,Sequoiadendron,Séquoia,Séquoia,"Séquoia, Séquoia géant pleureur",,,,,0,,Historique,https://www.patrimoine-vert-geneve.ch/arbres/arbres-isoles-genevois/sequoiadendron/sequoia-geant,Veyrier,1234,,19760606.0,2499845.52,1114012.46
91155,13998,37435,134568,Conifères,Sequoiadendron,Séquoia,Séquoia,"Séquoia, Séquoia géant pleureur",,,,,0,,Historique,https://www.patrimoine-vert-geneve.ch/arbres/arbres-isoles-genevois/sequoiadendron/sequoia-geant,Lancy,1213,,19760606.0,2498254.73,1116776.69
90128,13998,37435,124664,Conifères,Sequoiadendron,Séquoia,Séquoia,"Séquoia, Séquoia géant pleureur",,,,,0,,Historique,https://www.patrimoine-vert-geneve.ch/arbres/arbres-isoles-genevois/sequoiadendron/sequoia-geant,Versoix,1290,,19760606.0,2501182.75,1125661.8
90955,13998,37435,143899,Conifères,Sequoiadendron,Séquoia,Séquoia,"Séquoia, Séquoia géant pleureur",,,,,0,,Historique,https://www.patrimoine-vert-geneve.ch/arbres/arbres-isoles-genevois/sequoiadendron/sequoia-geant,Vernier,1214,,19760606.0,2496066.44,1118899.02
90152,13998,37435,147958,Conifères,Sequoiadendron,Séquoia,Séquoia,"Séquoia, Séquoia géant pleureur",,,,,0,,Historique,https://www.patrimoine-vert-geneve.ch/arbres/arbres-isoles-genevois/sequoiadendron/sequoia-geant,Genthod,1294,,19760606.0,2501576.73,1124600.98
90155,13998,37435,147576,Conifères,Sequoiadendron,Séquoia,Séquoia,"Séquoia, Séquoia géant pleureur",,,,,0,,Historique,https://www.patrimoine-vert-geneve.ch/arbres/arbres-isoles-genevois/sequoiadendron/sequoia-geant,Versoix,1290,,19760606.0,2501359.83,1127437.25
96722,13998,37435,209260,Conifères,Sequoiadendron,Séquoia,Séquoia,"Séquoia, Séquoia géant pleureur",,,,,0,,Historique,https://www.patrimoine-vert-geneve.ch/arbres/arbres-isoles-genevois/sequoiadendron/sequoia-geant,Carouge,1227,,19760606.0,2499842.61,1115814.12
95853,13998,37435,141648,Conifères,Sequoiadendron,Séquoia,Séquoia,"Séquoia, Séquoia géant pleureur",,,,,0,,Historique,https://www.patrimoine-vert-geneve.ch/arbres/arbres-isoles-genevois/sequoiadendron/sequoia-geant,Genève-Petit-Saconnex,1209,,19760606.0,2498189.81,1119439.33
96367,13998,37435,209495,Conifères,Sequoiadendron,Séquoia,Séquoia,"Séquoia, Séquoia géant pleureur",,,,,0,,Historique,https://www.patrimoine-vert-geneve.ch/arbres/arbres-isoles-genevois/sequoiadendron/sequoia-geant,Carouge,1227,,19760606.0,2500056.94,1114907.32
95927,13998,37435,121506,Conifères,Sequoiadendron,Séquoia,Séquoia,"Séquoia, Séquoia géant pleureur",,,,,0,,Historique,https://www.patrimoine-vert-geneve.ch/arbres/arbres-isoles-genevois/sequoiadendron/sequoia-geant,Satigny,1242,,19760606.0,2490780.32,1119012.13
95571,13998,37435,170668,Conifères,Sequoiadendron,Séquoia,Séquoia,"Séquoia, Séquoia géant pleureur",,,,,0,,Historique,https://www.patrimoine-vert-geneve.ch/arbres/arbres-isoles-genevois/sequoiadendron/sequoia-geant,Chêne-Bougeries,1231,,19760606.0,2502063.52,1115894.62
95677,13998,37435,173449,Conifères,Sequoiadendron,Séquoia,Séquoia,"Séquoia, Séquoia géant pleureur",,,,,0,,Historique,https://www.patrimoine-vert-geneve.ch/arbres/arbres-isoles-genevois/sequoiadendron/sequoia-geant,Jussy,1254,,19760606.0,2511151.67,1120024.01
95402,13998,37435,123532,Conifères,Sequoiadendron,Séquoia,Séquoia,"Séquoia, Séquoia géant pleureur",,,,,0,,Historique,https://www.patrimoine-vert-geneve.ch/arbres/arbres-isoles-genevois/sequoiadendron/sequoia-geant,Vernier,1219,,19760606.0,2496775.54,1117660.72
94621,13998,37435,106622,Conifères,Sequoiadendron,Séquoia,Séquoia,"Séquoia, Séquoia géant pleureur",,,,,0,,Historique,https://www.patrimoine-vert-geneve.ch/arbres/arbres-isoles-genevois/sequoiadendron/sequoia-geant,Collonge-Bellerive,1245,,19760606.0,2505325.42,1124254.51
94181,13998,37435,150096,Conifères,Sequoiadendron,Séquoia,Séquoia,"Séquoia, Séquoia géant pleureur",,,,,0,,Historique,https://www.patrimoine-vert-geneve.ch/arbres/arbres-isoles-genevois/sequoiadendron/sequoia-geant,Collonge-Bellerive,1222,,19760606.0,2504959.43,1122437.98
93468,13998,37435,135417,Conifères,Sequoiadendron,Séquoia,Séquoia,"Séquoia, Séquoia géant pleureur",,,,,0,,Historique,https://www.patrimoine-vert-geneve.ch/arbres/arbres-isoles-genevois/sequoiadendron/sequoia-geant,Genthod,1294,,19760606.0,2500821.34,1123914.16
94362,13998,37435,129888,Conifères,Sequoiadendron,Séquoia,Séquoia,"Séquoia, Séquoia géant pleureur",,,,,0,,Historique,https://www.patrimoine-vert-geneve.ch/arbres/arbres-isoles-genevois/sequoiadendron/sequoia-geant,Hermance,1248,,19760606.0,2507353.62,1127209.75
99459,13994,37421,291656,Conifères,Sequoia gigantea,Séquoia,Séquoia,Séquoia,,,,,0,,Positionné,,Satigny,1242,,,2491873.55,1117510.9
106169,13998,37435,128812,Conifères,Sequoiadendron,Séquoia,Séquoia,"Séquoia, Séquoia géant pleureur",,,,,0,,Relevé,https://www.patrimoine-vert-geneve.ch/arbres/arbres-isoles-genevois/sequoiadendron/sequoia-geant,Choulex,1244,,20191113.0,2505640.07,1120444.09
105119,13998,37435,142656,Conifères,Sequoiadendron,Séquoia,Séquoia,"Séquoia, Séquoia géant pleureur",,,,,0,,Nommé,https://www.patrimoine-vert-geneve.ch/arbres/arbres-isoles-genevois/sequoiadendron/sequoia-geant,Genève-Eaux-Vives,1206,,20200714.0,2500922.12,1116929.72
109408,13998,37435,148230,Conifères,Sequoiadendron,Séquoia,Séquoia,"Séquoia, Séquoia géant pleureur",224.0,14.0,37.0,,1,,Relevé,https://www.patrimoine-vert-geneve.ch/arbres/arbres-isoles-genevois/sequoiadendron/sequoia-geant,Cologny,1223,702.0,20150630.0,2502832.61,1118736.88
109073,13998,37435,146954,Conifères,Sequoiadendron,Séquoia,Séquoia,"Séquoia, Séquoia géant pleureur",239.0,10.0,25.0,,1,,Relevé,https://www.patrimoine-vert-geneve.ch/arbres/arbres-isoles-genevois/sequoiadendron/sequoia-geant,Pregny-Chambésy,1292,750.0,20121101.0,2499875.75,1120963.03
106665,13998,37435,120186,Conifères,Sequoiadendron,Séquoia,Séquoia,"Séquoia, Séquoia géant pleureur",146.0,14.0,28.0,,0,,Relevé,https://www.patrimoine-vert-geneve.ch/arbres/arbres-isoles-genevois/sequoiadendron/sequoia-geant,Genève-Petit-Saconnex,1203,460.0,20180509.0,2498362.88,1117611.28
110231,13998,37435,170170,Conifères,Sequoiadendron,Séquoia,Séquoia,"Séquoia, Séquoia géant pleureur",245.0,14.0,28.0,,1,,Relevé,https://www.patrimoine-vert-geneve.ch/arbres/arbres-isoles-genevois/sequoiadendron/sequoia-geant,Chêne-Bougeries,1224,769.0,20131218.0,2502546.4,1117004.26
110036,13998,37435,169634,Conifères,Sequoiadendron,Séquoia,Séquoia,"Séquoia, Séquoia géant pleureur",90.0,12.0,30.0,,1,,Relevé,https://www.patrimoine-vert-geneve.ch/arbres/arbres-isoles-genevois/sequoiadendron/sequoia-geant,Genthod,1294,283.0,20121108.0,2501330.45,1124423.44
127203,13994,37421,19675,Conifères,Sequoia gigantea,Séquoia,Séquoia,Séquoia,159.0,14.0,31.0,,1,,Relevé,,Vandoeuvres,1253,500.0,20150528.0,2504155.71,1119150.1
149622,13993,37420,241753,Conifères,Sequoia,Séquoia,Séquoia,Séquoia,123.0,15.0,25.0,,0,,Relevé,pas de fiche,Presinge,1243,386.0,20081217.0,2508531.57,1118236.76
169529,13998,37435,91491,Conifères,Sequoiadendron,Séquoia,Séquoia,"Séquoia, Séquoia géant pleureur",186.0,10.0,22.0,,1,,Relevé,https://www.patrimoine-vert-geneve.ch/arbres/arbres-isoles-genevois/sequoiadendron/sequoia-geant,Lancy,1213,585.0,20190911.0,2498360.22,1116317.81
176565,13998,37435,201669,Conifères,Sequoiadendron,Séquoia,Séquoia,"Séquoia, Séquoia géant pleureur",136.0,12.0,25.0,,0,,Relevé,https://www.patrimoine-vert-geneve.ch/arbres/arbres-isoles-genevois/sequoiadendron/sequoia-geant,Carouge,1227,427.0,20071108.0,2499869.46,1114974.29
178878,13998,37435,201533,Conifères,Sequoiadendron,Séquoia,Séquoia,"Séquoia, Séquoia géant pleureur",197.0,15.0,35.0,,1,,Relevé,https://www.patrimoine-vert-geneve.ch/arbres/arbres-isoles-genevois/sequoiadendron/sequoia-geant,Troinex,1256,619.0,20071113.0,2500401.04,1113283.72
179312,13998,37435,201240,Conifères,Sequoiadendron,Séquoia,Séquoia,"Séquoia, Séquoia géant pleureur",178.0,15.0,30.5,,1,,Relevé,https://www.patrimoine-vert-geneve.ch/arbres/arbres-isoles-genevois/sequoiadendron/sequoia-geant,Troinex,1256,559.0,20071113.0,2500417.03,1113271.74
181861,13994,37421,305027,Conifères,Sequoia gigantea,Séquoia,Séquoia,Séquoia,55.0,4.0,14.0,,0,,Relevé,,Vandoeuvres,1253,173.0,20140828.0,2504346.62,1120175.16
181862,13994,37421,305028,Conifères,Sequoia gigantea,Séquoia,Séquoia,Séquoia,40.0,4.0,9.0,,0,,Relevé,,Vandoeuvres,1253,126.0,20140828.0,2504343.23,1120168.97
181863,13994,37421,305029,Conifères,Sequoia gigantea,Séquoia,Séquoia,Séquoia,40.0,4.0,12.0,,0,,Relevé,,Vandoeuvres,1253,126.0,20140828.0,2504349.28,1120166.6
192404,13993,37420,303326,Conifères,Sequoia,Séquoia,Séquoia,Séquoia,63.0,10.0,17.0,,0,,Relevé,pas de fiche,Vandoeuvres,1253,198.0,20140619.0,2504445.12,1120071.53
191167,13993,37420,303375,Conifères,Sequoia,Séquoia,Séquoia,Séquoia,40.0,7.0,17.0,,0,,Relevé,pas de fiche,Vandoeuvres,1253,126.0,20140619.0,2504533.44,1120187.63
191168,13993,37420,303376,Conifères,Sequoia,Séquoia,Séquoia,Séquoia,40.0,7.0,17.0,,0,,Relevé,pas de fiche,Vandoeuvres,1253,126.0,20140619.0,2504531.14,1120192.23
191169,13993,37420,303377,Conifères,Sequoia,Séquoia,Séquoia,Séquoia,54.0,7.0,18.0,,0,,Relevé,pas de fiche,Vandoeuvres,1253,170.0,20140619.0,2504527.72,1120190.17
193335,13993,37420,303536,Conifères,Sequoia,Séquoia,Séquoia,Séquoia,60.0,10.0,17.0,,0,,Relevé,pas de fiche,Vandoeuvres,1253,188.0,20140619.0,2504457.61,1120099.36
217879,13998,37435,351062,Conifères,Sequoiadendron,Séquoia,Séquoia,"Séquoia, Séquoia géant pleureur",,6.0,10.0,,0,,Relevé,https://www.patrimoine-vert-geneve.ch/arbres/arbres-isoles-genevois/sequoiadendron/sequoia-geant,Genève-Petit-Saconnex,1202,105.0,20240816.0,2500561.99,1119790.94
232580,13994,37421,388714,Conifères,Sequoia gigantea,Séquoia,Séquoia,Séquoia,,8.0,45.0,,1,,Relevé,,Genève-Eaux-Vives,1207,575.0,20240621.0,2501923.71,1118196.01
